gap_bin,observations,hits,empirical_hazard,smoothed_hazard,delta_vs_base
0,11382,1772,0.155684,0.155689,-0.00221
1,9638,1530,0.158747,0.158744,0.000852
2,8104,1325,0.1635,0.163482,0.005605
3,6778,1133,0.167158,0.167124,0.009264
4-5,10434,1578,0.151236,0.151252,-0.006658
6-8,10391,1572,0.151285,0.151301,-0.00661
9-12,7791,1241,0.159286,0.159282,0.001392
13-20,5740,933,0.162544,0.162523,0.004649
21+,1828,298,0.16302,0.162951,0.005125
