gap_bin,observations,hits,empirical_hazard,smoothed_hazard,delta_vs_base
0,11436,1780,0.155649,0.155654,-0.002246
1,9683,1536,0.158629,0.158627,0.000734
2,8143,1337,0.16419,0.164171,0.006295
3,6803,1137,0.167132,0.167098,0.009237
4-5,10477,1583,0.151093,0.151109,-0.006802
6-8,10439,1578,0.151164,0.15118,-0.006731
9-12,7842,1246,0.158888,0.158885,0.000993
13-20,5769,941,0.163113,0.163091,0.005218
21+,1836,298,0.162309,0.16225,0.004415
